Horas estudiadas,Probabilidad de aprobar
1,0.015832599776044638
2,0.04984175379424998
3,0.1460621682906558
4,0.3580410713791543
5,0.6452152711460055
6,0.8556996117003768
7,0.9508262625358741
8,0.9843870904512225
9,0.9951594302604451
10,0.9985104937263688
